id,Completion_rate
0,0.6615823434739749
1,0.3699016678526425
2,0.4447461449015041
3,0.29888552093485954
4,0.8246446097370984
5,0.30422658418969845
6,0.6767827515600099
7,0.5646232125879194
8,0.5137881225812776
9,0.6833942498093866
10,0.43964163746130536
11,0.573971613684835
12,0.8125577685156682
13,0.5030627706219966
14,0.43538334071614493
15,0.4847048412084496
16,0.5985663051196424
17,0.6753439055698707
18,0.5694652850842603
19,0.41265832007619835
20,0.56649068614924
21,0.5004306744545794
22,0.5593977866757812
23,0.600350016263561
24,0.7017318231107139
25,0.6066894290848759
26,0.6598920222210397
27,0.3859952054788806
28,0.4998808059027874
29,0.8398867397270977
30,0.8672040977003967
31,0.5817135711736958
32,0.35627508414771836
33,0.5108501242921768
34,0.48603969558515525
35,0.44761646052869863
36,0.6425719946202011
37,0.2770931032544534
38,0.5107093142056565
39,0.5544527302549642
40,0.7275528923671022
41,0.5504650159444551
42,0.4715556414704749
43,0.5841170772794662
44,0.7886028324929195
45,0.5097081884084642
46,0.49453865022694066
47,0.40418808486133506
48,0.8467151841222061
49,0.4049166295148218
50,0.5168742950251459
51,0.5455590989087005
52,0.7040182658335858
53,0.5666018679158383
54,0.5397207543091193
55,0.3737048838794564
56,0.45146849267348
57,0.513162151858995
58,0.5375578103285126
59,0.43322757669703943
60,0.582243273421854
61,0.6361828105107825
62,0.6393036056939088
63,0.48962356358045706
64,0.392807736184945
65,0.48110878378932104
66,0.7099174583258507
67,0.45553318011661065
68,0.6981046393664829
69,0.6865680012952533
70,0.46629720815883136
71,0.5928437441225409
72,0.7156295143889649
73,0.5420372020269354
74,0.5645007150838042
75,0.41843023925869127
76,0.4477736644926026
77,0.7255356235898809
78,0.5381013630449681
79,0.6305295179096604
80,0.5181919119068006
81,0.4877261472155001
82,0.5086995908403042
83,0.3919810840194893
84,0.5738250387661176
85,0.34321729539093315
86,0.37075248919144344
87,0.5384108819567353
88,0.38967761895140796
89,0.42237744031277213
90,0.3903934579756652
91,0.42662731618437205
92,0.45008665825805305
93,0.42382960942749665
94,0.5589743204715447
95,0.39786495119412213
96,0.4082857101602872
97,0.4425618072078984
98,0.4839317261373197
99,0.4395991477130512
100,0.6311658746525619
101,0.5041325290792438
102,0.46669522335705715
103,0.4754250342400158
104,0.5983700494534503
105,0.6257776052163465
106,0.5713956436530903
107,0.8443770374675555
108,0.5682447861508204
109,0.5598321845797511
110,0.8199430058557688
111,0.5052583620506239
112,0.6211082048727763
113,0.6200078754083954
114,0.5703743365452643
115,0.4393754411467663
116,0.41122258171972337
117,0.4345888469338407
118,0.42745759717623677
119,0.4686414937427179
120,0.6425027997106256
121,0.5060643717409746
122,0.4653830419535503
123,0.4526489772380752
124,0.46011604197262373
125,0.4373490794432595
126,0.5222994408520583
127,0.5744410945994542
128,0.4747518056106574
129,0.7015510654811739
130,0.33405422599485135
131,0.49040888945427247
132,0.46399279537105154
133,0.34171752212832035
134,0.4195088710818311
135,0.5314871845435285
136,0.5988591732696351
137,0.448100836630112
138,0.3949992296142698
139,0.49193804945300446
140,0.47911238180051985
141,0.6159519131977987
142,0.49792741103702487
143,0.4019882957733885
144,0.7299645132889429
145,0.519269917705687
146,0.4850116091254693
147,0.6812978145822135
148,0.4914755148977743
149,0.7089515551924157
150,0.4395202479538245
151,0.44063810298032924
152,0.5135159099864665
153,0.7425612610354386
154,0.42977946960463426
155,0.3504154863930601
156,0.5900665951585797
157,0.5566280587852104
158,0.6533176155968211
159,0.7192361566327633
160,0.3993579709895969
161,0.4332724036350607
162,0.4529301354119658
163,0.39131416553392745
164,0.45978382092504244
165,0.5650003031019957
166,0.780907262653936
167,0.6250236101833286
168,0.7503689228410411
169,0.5818430738025395
170,0.6589950880676956
171,0.471122929960499
172,0.5091046333029221
173,0.3509385769545742
174,0.4510498031389593
175,0.7002144133371335
176,0.5930349669360739
177,0.5260802655585951
178,0.8060736071154206
179,0.4445244062291745
180,0.6179980856223282
181,0.49109981897223914
182,0.693865393364159
183,0.4367575166638844
184,0.502515854293188
185,0.7110371957553523
186,0.5309411656828769
187,0.7513852110755133
188,0.5657142892318983
189,0.5904088047924096
190,0.44274218613068383
191,0.3723761017099117
192,0.5093541191620805
193,0.5987998317369227
194,0.4773240231039082
195,0.3124461611888752
196,0.4775677708747999
197,0.5182994135680781
198,0.6390915949120528
199,0.6339449695886319
200,0.436533472491792
201,0.4430173176711719
202,0.5428734517750576
203,0.5619704381180693
204,0.5534941616538898
205,0.7215436384230178
206,0.5092889917781237
207,0.3449791093993
208,0.505230076415645
209,0.6880591386147785
210,0.5633902045324879
211,0.42695871117202444
212,0.7244534826665163
213,0.51908165838152
214,0.7731599160259993
215,0.41390805200757896
216,0.4134729291883081
217,0.6457865181216971
218,0.6046243825694109
219,0.2872305017361192
220,0.5940019245905304
221,0.5230278906259342
222,0.5450324826181214
223,0.47678186776132286
224,0.5263653742978621
225,0.7634795410963785
226,0.6138145895515948
227,0.3171741374648147
228,0.3720987976283009
229,0.5835698857530869
230,0.3904868318692243
231,0.5563810897775614
232,0.4529123494963526
233,0.5745728331986222
234,0.8781435938042603
235,0.5146697312259386
236,0.7836323667443935
237,0.671937464817034
238,0.7575198086826402
239,0.690040426863915
240,0.7435068198610025
241,0.5800558809967198
242,0.38079756107862617
243,0.6243411584207923
244,0.717778627683419
245,0.6090402502363265
246,0.5015754687521645
247,0.47438978190967285
248,0.5397880532036512
249,0.4859186623535518
250,0.638248211610492
251,0.5209629756667773
252,0.7702677642189735
253,0.5884878628823891
254,0.5923260647475113
255,0.4124887178758615
256,0.42514910715085996
257,0.44060130316376694
258,0.8219934866308798
259,0.39927359098311543
260,0.6626106865910286
261,0.437784423769063
262,0.46661134002485577
263,0.6231606120991732
264,0.5664417880733632
265,0.42792572244651333
266,0.43954245959696925
267,0.455712776697205
268,0.3894516217299373
269,0.6243521041275533
270,0.5372619316363867
271,0.6979888544110178
272,0.3771089794674796
273,0.4994225053247361
274,0.4309362062890002
275,0.5030474022606767
276,0.6076290514890623
277,0.7999412691798766
278,0.6768848471374074
279,0.486979173320213
280,0.5614867875211486
281,0.4756496765852248
282,0.7010689072281096
283,0.6297477146514893
284,0.35442490867102094
285,0.5119716638489871
286,0.43056175400547675
287,0.619530177845158
288,0.47168858390742796
289,0.4597279710056511
290,0.5247989272948481
291,0.4597058171184788
292,0.46163669498927334
293,0.5492315750168235
294,0.5942277790201929
295,0.5408960894778283
296,0.530375515481758
297,0.4731139022459451
298,0.6811309757128576
299,0.7178349127372856
300,0.36183857606786235
301,0.5307610822680541
302,0.6390019830339144
303,0.4105977007056798
304,0.7526822729797988
305,0.49846501673872856
306,0.49407816520592
307,0.2597799507547982
308,0.6228807007123147
309,0.553371241016387
310,0.5024265271960644
311,0.45903311353410703
312,0.450279003877764
313,0.451491764983028
314,0.5639578804449751
315,0.7425707238623738
316,0.6265199487977259
317,0.42626262155974903
318,0.3118338501280403
319,0.6096322971974741
320,0.5000180669212209
321,0.8060503576197396
322,0.6861788428835123
323,0.5504082533791137
324,0.6267769748899681
325,0.5370507755162547
326,0.4478688441752249
327,0.7382723692755723
328,0.6003184750552748
329,0.8999531235105965
330,0.5387503481043141
331,0.43999093634116626
332,0.5622436860278133
333,0.415161632514216
334,0.627659999374793
335,0.4416300396934546
336,0.49616659093381943
337,0.33381705904786607
338,0.5084292295059313
339,0.36710531404978514
340,0.40295666007761566
341,0.5786850759216255
342,0.5517430165297814
343,0.4903263686702257
344,0.4763363394420997
345,0.6290220268845613
346,0.6563675146026265
347,0.5146763823249884
348,0.5390844414066653
349,0.5845404760104057
350,0.5806986589887062
351,0.5662564856502192
352,0.43088820925711757
353,0.40226454663734296
354,0.619064231417489
355,0.4467537461355645
356,0.6262195143079091
357,0.6721102619924115
358,0.40822887432876725
359,0.7673418307754546
360,0.7322822249709142
361,0.4844206545627141
362,0.5160474523852363
363,0.45504872707501687
364,0.5191550147470831
365,0.3823152053936704
366,0.5189011763217626
367,0.49106385424583043
368,0.34962138521438285
369,0.43909380289380334
370,0.23797548736088675
371,0.6577179637673302
372,0.4893926909386116
373,0.6634717268010788
374,0.3812740722369892
375,0.6053178520782667
376,0.4483638010484501
377,0.6368424632922134
378,0.45406236360479235
379,0.426809359259378
380,0.6145073812565219
381,0.6136898422359842
382,0.4322192873950442
383,0.4800196726096459
384,0.5944079934326898
385,0.47150439689707446
386,0.6530444063420092
387,0.5744108544234312
388,0.5379248939267971
389,0.35342878657248145
390,0.2945614717593241
391,0.6057526134055012
392,0.4740575789127364
393,0.5656348398900213
394,0.5152487160980683
395,0.3652240528311564
396,0.7089426581373405
397,0.5524836556358103
398,0.4038660803799574
399,0.724041209648809
400,0.5582521031432475
401,0.38154110908901506
402,0.564752118944863
403,0.4795593821276035
404,0.6228394891917828
405,0.49762694426006954
406,0.34780012361978674
407,0.5198164481672185
408,0.3192095514102823
409,0.3806968496581183
410,0.6958267817329835
411,0.45498085675995825
412,0.8232441588324776
413,0.5273357849201018
414,0.5673570754881083
415,0.4590376576098823
416,0.6085279986884586
417,0.630801938643335
418,0.44382706211142814
419,0.45356027232833196
420,0.6124370811547288
421,0.6286914512977281
422,0.6202533146166317
423,0.5512402174050561
424,0.6406853125026997
425,0.6078972910435338
426,0.513886492677462
427,0.5415512426398038
428,0.5181167443859758
429,0.6559901884960244
430,0.46477546519538976
431,0.6077921628107811
432,0.6349599263343406
433,0.4586479030030205
434,0.46436454055621557
435,0.42526088602104867
436,0.6662832022768159
437,0.4476240152102339
438,0.4516949929660449
439,0.4417078869420755
440,0.6181008458953774
441,0.48141246207071203
442,0.4809957749390952
443,0.4397140928751117
444,0.3847156374892806
445,0.40107044314102624
446,0.5452417199633357
447,0.42623221568386604
448,0.4773374835561097
449,0.8637682269327697
450,0.5907566836545916
451,0.6489655438622157
452,0.5196515021767847
453,0.35853806669892097
454,0.5759864116271811
455,0.5994592928656016
456,0.6005436496956338
457,0.4104555170047428
458,0.314133968749601
459,0.44398065829075706
460,0.5757363968712896
461,0.46583998053907444
462,0.8148517070682381
463,0.7472649003312837
464,0.6133570001470333
465,0.5355447891158007
466,0.4492979562810854
467,0.3757729770439299
468,0.5913689599377087
469,0.47287926833083116
470,0.6977490406588389
471,0.6495231554899594
472,0.41391989464825485
473,0.7509949103466613
474,0.5102983799780163
475,0.5098649516885181
476,0.6563318728298829
477,0.4603052081932277
478,0.5577847117248756
479,0.6008751985861767
480,0.41259917806712465
481,0.6692990960651435
482,0.6132392161240183
483,0.7414785062683438
484,0.5848809581038249
485,0.5285031153786203
486,0.543424707058784
487,0.5770485695042711
488,0.5553144166492273
489,0.6383176971081237
490,0.6030093083738426
491,0.46910453476834735
492,0.5920419003178596
493,0.44940184107527814
494,0.5434368516450088
495,0.43736795211005036
496,0.4629125578514207
497,0.8480109975855926
498,0.5622597565494964
499,0.44530823425473265
500,0.5007314736030264
501,0.629781362625776
502,0.6888184935816226
503,0.45177942442465663
504,0.5534091510277193
505,0.5456008829302343
506,0.4289018250376947
507,0.4546215525806112
508,0.6296676782255264
509,0.4460047959483332
510,0.3243801492487119
511,0.6273151796100411
512,0.4368039435518901
513,0.7211064269404199
514,0.6703446726132021
515,0.4873275477549681
516,0.4412880777861277
517,0.4829167158399025
518,0.560998109930656
519,0.5707497650223616
520,0.3859818173665557
521,0.449625830359621
522,0.438738640983657
523,0.5383002868075872
524,0.44636815352614057
525,0.6217647916934983
526,0.8694053043882252
527,0.46368000815800814
528,0.42350489768637845
529,0.621256826883019
530,0.4803968685891066
531,0.7515251938220042
532,0.4004129141781985
533,0.39188182147661776
534,0.7000942974389994
535,0.45196165040872355
536,0.6042940882816153
537,0.3784561282913915
538,0.5385220896553187
539,0.6490848076504234
540,0.5001010198778133
541,0.8106729056079869
542,0.46616494263387187
543,0.44134122411824284
544,0.8593071977914282
545,0.6293842981943609
546,0.5714218862069216
547,0.5526549256491485
548,0.6897118005218059
549,0.3267524507354967
550,0.5977466571469595
551,0.44732732227014566
552,0.5054866290648312
553,0.48933751795926084
554,0.6765616372660266
555,0.44855795502441187
556,0.5444949953339591
557,0.4771036322078702
558,0.527386429492583
559,0.48456212374517377
560,0.38774658083124663
561,0.46023649939697747
562,0.7900934040777189
563,0.503078439050725
564,0.4068101754253953
565,0.6376407184949047
566,0.5935673616713749
567,0.4262008926372786
568,0.45648711014358073
569,0.5465160754242716
570,0.433188717692638
571,0.46843566075772247
572,0.3880005893352929
573,0.46775586788444645
574,0.5444375682710714
575,0.5083258481090795
576,0.5276833462556083
577,0.4999127277159022
578,0.7648767803794395
579,0.5756539822137812
580,0.3829064567383398
581,0.5909557022213576
582,0.8118991715013171
583,0.40764934839972494
584,0.4079583306664969
585,0.6013382437243108
586,0.5304043762084296
587,0.3835996416984141
588,0.35136843381213395
589,0.7296602970347148
590,0.4704734918106275
591,0.46932104625296944
592,0.41599496485087584
593,0.4823583552011819
594,0.6154474815880029
595,0.4319113621587644
596,0.5690417801825257
597,0.8262147289592251
598,0.6299140089418325
599,0.588047452596012
600,0.4920731395503789
601,0.43532159373800783
602,0.45132927502812303
603,0.5820648539857087
604,0.474592775903215
605,0.5395041373472074
606,0.8417720193016626
607,0.46975150517293623
608,0.6886612242390463
609,0.5173561532680229
610,0.5754342123712743
611,0.5939297963615555
612,0.45282095182617477
613,0.6465486350360641
614,0.3855515502488167
615,0.5850114245034427
616,0.5392962657999087
617,0.4247051838137837
618,0.7198616518459584
619,0.5277725203547583
620,0.6169647560288217
621,0.48332897288174165
622,0.46049937129530694
623,0.8814608039844324
624,0.4594446894411216
625,0.5858274957041739
626,0.4697023497910924
627,0.41522114434765556
628,0.3453744827332482
629,0.6475481054072187
630,0.4171508732698664
631,0.40117104647005
632,0.49376468725703193
633,0.33689072790948416
634,0.7092534983611192
635,0.6671994969735467
636,0.7222142147639452
637,0.44060202571557106
638,0.4452403087192721
639,0.4914231847301771
640,0.5341602937734709
641,0.5329511289002756
642,0.45662739978915934
643,0.7543057080388793
644,0.620351808722059
645,0.4233985265233617
646,0.42508116081900227
647,0.4213561604933155
648,0.4302854612277592
649,0.33935750569757867
650,0.5335540685537071
651,0.522024966588623
652,0.6915198875613385
653,0.5015822691028141
654,0.45678515494904737
655,0.40540397703833814
656,0.4236879049367902
657,0.45592419730538253
658,0.5507123774619564
659,0.6048867139693761
660,0.48529153804582853
661,0.4817561046837212
662,0.5208947598984425
663,0.8668729467320233
664,0.5095739175104899
665,0.5332469657727376
666,0.8094748772916177
667,0.5867637024274583
668,0.5966606849229599
669,0.8216215253626882
670,0.4643117130867314
671,0.5155404734213116
672,0.5548866614694117
673,0.45036787152598035
674,0.7198166909681135
675,0.4076347496578881
676,0.6560865633045969
677,0.8642853184880521
678,0.26864348260162246
679,0.5628560235235147
680,0.7732361975535416
681,0.5875582466983884
682,0.5354308912527987
683,0.47892986845982977
684,0.46010213648226883
685,0.5081004387493411
686,0.43336734338489447
687,0.46007531872626495
688,0.4720251897958236
689,0.7125589630687374
690,0.40070806480797055
691,0.45992065031302937
692,0.6898486156981007
693,0.5041506317138917
694,0.5655444919517818
695,0.41854878013714547
696,0.734447764973117
697,0.7820412383488563
698,0.41348890536518623
699,0.4012088211268937
700,0.47458853403203904
701,0.6929075682523238
702,0.5022044914959739
703,0.6820887519906516
704,0.42930856611495294
705,0.6852751680670439
706,0.4144644324192708
707,0.5857714498378694
708,0.2931541520836155
709,0.41126119363033575
710,0.7741133759065959
711,0.4155051566124931
712,0.4977954974363213
713,0.4868494739464664
714,0.2905202266616622
715,0.4559745839108109
716,0.4999528400564611
717,0.38583114477510716
718,0.49375647151153695
719,0.6190819990341851
720,0.6819985435340779
721,0.7461633755987023
722,0.6090617483785596
723,0.5596011211024279
724,0.5991652499753436
725,0.706049257318381
726,0.6347950848955436
727,0.4765178506472554
728,0.5088457320779509
729,0.5417589700565032
730,0.8360905204920338
731,0.4905490901402043
732,0.48049338021310456
733,0.4064067601486073
734,0.38153972774953243
735,0.44542994680008785
736,0.4706790184208022
737,0.6089396127797215
738,0.4148872614682381
739,0.493324000354132
740,0.6803195445002463
741,0.3733101079579401
742,0.4158936408506139
743,0.48919877596037353
744,0.5455160905260582
745,0.6530191330900164
746,0.42861115901527075
747,0.46745815376468003
748,0.6266958756254806
749,0.7187675490070476
750,0.6977142266457536
751,0.5311986600744054
752,0.4605935919800963
753,0.4507274533329425
754,0.43227975291491416
755,0.6576257563484937
756,0.6268294922001498
757,0.6179766387034082
758,0.43334126031137554
759,0.5249192012365098
760,0.7107162839431691
761,0.28842219803694386
762,0.6415630629205927
763,0.7303029903053608
764,0.6256580333121673
765,0.4151467263324903
766,0.44153319070964947
767,0.6595463646384536
768,0.4283578577027083
769,0.2281405866656408
770,0.5233789402900699
771,0.5154018919443013
772,0.5762543495117738
773,0.6419536202134306
774,0.42195025304289535
775,0.477690878879417
776,0.4253469013269333
777,0.5955629861254641
778,0.4950582834971652
779,0.4254543382721614
780,0.4456928762045803
781,0.4924625039042997
782,0.458015999056273
783,0.5044943246181558
784,0.48962331622850586
785,0.7229318601426296
786,0.4206723026779037
787,0.6173249045210498
788,0.5403025639802945
789,0.38926161545339394
790,0.4672674649409191
791,0.6712599004514654
792,0.5604774707302866
793,0.47089655268991265
794,0.5363665782944597
795,0.41105486815173525
796,0.4856733961466501
797,0.45878417151271483
798,0.5050892590013792
799,0.40149186954159877
800,0.4263048432478441
801,0.5956019248088291
802,0.6166894493695881
803,0.5039738329737904
804,0.6633195500086622
805,0.5727645758545532
806,0.6580931262345682
807,0.6057908751575711
808,0.5549221077021456
809,0.6230262296714135
810,0.665993728187324
811,0.5922935559359889
812,0.3337138718326925
813,0.5759444848864674
814,0.5347618955568
815,0.33917952669579854
816,0.4443585249431402
817,0.5610807667083106
818,0.36230701706083956
819,0.5801883240742781
820,0.5378804828923609
821,0.4509600833348515
822,0.5140609232782359
823,0.6378218672832591
824,0.8633920469618023
825,0.40757387277970203
826,0.44816431786442734
827,0.5211856279666329
828,0.45685934630320046
829,0.5118445555429735
830,0.5331079351113512
831,0.591972815311361
832,0.8866098092804643
833,0.3725518469347204
834,0.5005178056722244
835,0.699034736999383
836,0.5427597549250883
837,0.650756794251561
838,0.41560619259764264
839,0.7952237657270106
840,0.5871895036576079
841,0.4321546218724628
842,0.6723738231689622
843,0.49623358326888506
844,0.5108195210208444
845,0.4369667579411771
846,0.6585667705274869
847,0.6145837758838829
848,0.501385014051298
849,0.5217807799927201
850,0.8525294664290377
851,0.5686922833052128
852,0.5499670931591131
853,0.6098508696466658
854,0.5407232790485923
855,0.7888492740111213
856,0.85435028861008
857,0.5721614331774345
858,0.5615792299276556
859,0.3127786046741595
860,0.45704380373915715
861,0.5856804362736279
862,0.4833714504042423
863,0.4542660912258804
864,0.8296395138531019
865,0.3915164777562756
866,0.6097186770053904
867,0.5473070372887603
868,0.6080741470424142
869,0.3783806871437638
870,0.38673642305734046
871,0.4414410651148245
872,0.36340847963079204
873,0.580033768261396
874,0.43403754970651065
875,0.6174029509080647
876,0.44131813512652096
877,0.40252924808152485
878,0.5714546142494299
879,0.5873978554764816
880,0.3442252308844511
881,0.4501880935896704
882,0.4728873667231185
883,0.5803443325034667
884,0.6117736573031758
885,0.37025610602132775
886,0.5883279150872491
887,0.5443747235638549
888,0.46673806485059255
889,0.9063029057933978
890,0.5393492193615088
891,0.7165973920178339
892,0.7667768292584541
893,0.8207314803999199
894,0.5523202193529317
895,0.700409035102702
896,0.6862968561957573
897,0.2790618477809079
898,0.4815858105810788
899,0.5897519884160283
900,0.3410603725084631
901,0.7605924220166203
902,0.7481330049163999
903,0.5283767243115565
904,0.5318171937112688
905,0.6226917096034017
906,0.47599277435108356
907,0.6322805124960558
908,0.6665384460408386
909,0.5999633183325912
910,0.39971819900451455
911,0.5046218098088777
912,0.4028037073689963
913,0.6298992866228676
914,0.6622352226164201
915,0.46887856300493247
916,0.6813062127317189
917,0.57040440091592
918,0.5929954410592022
919,0.49622893570249305
920,0.39197086840228845
921,0.5437834062975255
922,0.3418645900524234
923,0.7790285732385857
924,0.557185712569404
925,0.5960620126067883
926,0.4413074989354846
927,0.39298191484391753
928,0.5586005685059945
929,0.833227000962749
930,0.4462141048611241
931,0.5687024297924141
932,0.4630929566843389
933,0.4680217408204309
934,0.5780934831059424
935,0.5732311702539437
936,0.8065733865916749
937,0.7593737368613136
938,0.48959742212983237
939,0.4686627558722502
940,0.7930122953168713
941,0.4415397754444707
942,0.5683471808747561
943,0.8272024052959702
944,0.43205435801303904
945,0.29446185866567914
946,0.4267693152552016
947,0.7800993901431762
948,0.6111412760843093
949,0.27898778793523593
950,0.8397467214657588
951,0.46311347550611764
952,0.7964093577861125
953,0.33826064354845004
954,0.5981776378468301
955,0.3813450562211096
956,0.5882767180813175
957,0.4683738391867774
958,0.31770001455146785
959,0.5967989258186198
960,0.51672220475333
961,0.5422300016344535
962,0.7409026782646567
963,0.5021654669964625
964,0.5491807908939428
965,0.6052389033494782
966,0.5350459798855194
967,0.42882775971510534
968,0.4883503320024336
969,0.7693345485224313
970,0.4948602841300487
971,0.8380719536413876
972,0.3123771197922311
973,0.6045617305412747
974,0.7564273525759183
975,0.8095521112841628
976,0.5015019477753985
977,0.5795598750319738
978,0.6153967133231313
979,0.5924725067389491
980,0.5101196719257298
981,0.5392965573295889
982,0.4684464370470997
983,0.5001974054901128
984,0.5214594406050495
985,0.48978561868863324
986,0.49771091463884665
987,0.48918134714570105
988,0.42251310448159185
989,0.8621007183689476
990,0.46967596069890843
991,0.8588181424024115
992,0.6308556510670662
993,0.4457728746796553
994,0.6101915860886363
995,0.36314194499285585
996,0.46871821300369354
997,0.8018953018908609
998,0.537241879125274
999,0.45828629055813946
1000,0.5127202844552996
1001,0.8486139155433983
1002,0.46450078941482736
1003,0.5004450029799355
1004,0.40050018948073407
1005,0.3379800158736772
1006,0.4962879618117636
1007,0.6407840723692186
1008,0.4470844240198731
1009,0.6777877762781674
1010,0.8683775059141529
1011,0.4783121501298306
1012,0.4547100267529597
1013,0.790108295775806
1014,0.6114729241630406
1015,0.5335980887797285
1016,0.8270505775153978
1017,0.4896089473169567
1018,0.5648892317085945
1019,0.32801560160767557
1020,0.4338292230041243
1021,0.5825981040431705
1022,0.5063315177086267
1023,0.49010863798975274
1024,0.4477868726885929
1025,0.43263033068042295
1026,0.7746833712867238
1027,0.556295350027197
1028,0.5159689194667363
1029,0.5340804764872984
1030,0.5416128169384806
1031,0.6211328297309935
1032,0.41869408226947824
1033,0.431069638372157
1034,0.5592329589381084
1035,0.41685916785428634
1036,0.840585877019732
1037,0.5975044005205484
1038,0.49493498528290064
1039,0.6564335525465685
1040,0.5188625003363384
1041,0.6635308003825744
1042,0.5912017197712014
1043,0.5258971580325507
1044,0.5192931682600305
1045,0.42973158480560764
1046,0.46278425004327284
1047,0.6333727922754155
1048,0.4753329881066792
1049,0.3769205620241675
1050,0.609730536881367
1051,0.34605568220522265
1052,0.48225171954501234
1053,0.6005865582982142
1054,0.6872429495411165
1055,0.45652262224358864
1056,0.46479964033790955
1057,0.437063657247444
1058,0.654035978780058
1059,0.6361173404785557
1060,0.540289017147471
1061,0.6052041704668135
1062,0.38360047350809506
1063,0.4836374707915072
1064,0.4782610824272755
1065,0.8258461062653523
1066,0.3850290539984583
1067,0.5730298180459352
1068,0.39947586097404536
1069,0.5649717067462452
1070,0.5055942602298451
1071,0.4637701559542259
1072,0.4282526955307434
1073,0.4422963185205109
1074,0.4683022167517946
1075,0.4709456240185561
1076,0.5317183728473687
1077,0.3794472604068533
1078,0.4906084238885964
1079,0.44152123458997394
1080,0.47016378093728395
1081,0.41698778856019525
1082,0.5321962706301927
1083,0.6576024500542641
1084,0.4622318784792977
1085,0.6098040797367819
1086,0.4650580745304914
1087,0.5246327897335652
1088,0.641629635238185
1089,0.8007020977951421
1090,0.5968844555475222
1091,0.5071245637979981
1092,0.5268114017051144
1093,0.5826150847078917
1094,0.4704377911320531
1095,0.498030836221971
1096,0.5234858940060126
1097,0.5098234695956744
1098,0.4438593103874976
1099,0.3187144247833655
1100,0.42832716834919277
1101,0.41575112660702984
1102,0.5546054457880598
1103,0.4177646965217303
1104,0.3799397255873656
1105,0.2935134275516611
1106,0.43463833618094294
1107,0.4219578845793427
1108,0.48674662284439263
1109,0.487276477147295
1110,0.6562145244938106
1111,0.6017138687960326
1112,0.4344626024022088
1113,0.607923641534847
1114,0.4877513819779904
1115,0.44661504997117685
1116,0.5596923066244919
1117,0.718676345948152
1118,0.4547790822926475
1119,0.4495294798721424
1120,0.3491635584973935
1121,0.7093201412938861
1122,0.3736211675404363
1123,0.6216871130136092
1124,0.6265397426109928
1125,0.46335442441667873
1126,0.4605951319497019
1127,0.5273256931951731
1128,0.3414314528600976
1129,0.6480498834222979
1130,0.3864218495460624
1131,0.4206957843804015
1132,0.8163973001403259
1133,0.4657701667453389
1134,0.8475455574722881
1135,0.426655951358793
1136,0.5800696277694115
1137,0.3840806812821285
1138,0.42008004951503053
1139,0.5953787923292256
1140,0.5659361080739795
1141,0.4502057273518111
1142,0.28832392915518046
1143,0.41866847851894157
1144,0.6900609861933156
1145,0.6378770202123274
1146,0.4955285220682196
1147,0.33729217706298376
1148,0.4121102349649398
1149,0.5583298051379209
1150,0.4856774464704468
1151,0.7655539147452324
1152,0.5955304607685762
1153,0.5508890245751239
1154,0.836151771992995
1155,0.4274554224569974
1156,0.6214706373041837
1157,0.46987603010061796
1158,0.5359685060347402
1159,0.4351966184846836
1160,0.5293204324199943
1161,0.41494097818749687
1162,0.8682391098790241
1163,0.6581868707961234
1164,0.6051590022023008
1165,0.4071667381023971
1166,0.39417356677864407
1167,0.4477798564744919
1168,0.5190692287375684
1169,0.6727524234342188
1170,0.523770578834143
1171,0.45640852239310065
1172,0.3856158938846803
1173,0.49799078539827724
1174,0.5573877276515813
1175,0.43351811419316955
1176,0.37215196837829073
1177,0.5068387530381073
1178,0.7309485345089519
1179,0.5895272580262867
1180,0.8483880972435506
1181,0.360912206452224
1182,0.5554476142533341
1183,0.5855921717324579
1184,0.5596897244208198
1185,0.7889592662565892
1186,0.4673748145446169
1187,0.5680610585984615
1188,0.5918767921494271
1189,0.42115222771271577
1190,0.5729775730778266
1191,0.4576327097394747
1192,0.861289142472689
1193,0.43666801819317635
1194,0.4467711999175048
1195,0.8490309303389683
1196,0.4965808599012833
1197,0.44730022598688784
1198,0.6510735607035845
1199,0.5681963069111129
1200,0.31835333322647036
1201,0.6662409000569718
1202,0.5722082564062001
1203,0.44157557438932127
1204,0.6552109294360982
1205,0.34799603937908846
1206,0.6707767785723884
1207,0.4961502311517683
1208,0.712237252158987
1209,0.41380902750751836
1210,0.4481592215549978
1211,0.7769086668001621
1212,0.5333036841494864
1213,0.6625882927716314
1214,0.5004339599018399
1215,0.4615819025243756
1216,0.3592787794892882
1217,0.46270253712537146
1218,0.5970563941996931
1219,0.32025149942956815
1220,0.577014160784452
1221,0.45726357911904797
1222,0.6202618218580889
1223,0.4309697089482235
1224,0.595224432110671
1225,0.7984366060265567
1226,0.5729643713435753
1227,0.5528780189216598
1228,0.42503512644327446
1229,0.559668038064443
1230,0.731092921771253
1231,0.37558714927420034
1232,0.8490445435512566
1233,0.4446081330015715
1234,0.6308074513079881
1235,0.47901646172879014
1236,0.45459802488814244
1237,0.728290637390562
1238,0.4586067934187009
1239,0.8552053780376875
1240,0.6135467426113748
1241,0.3569400737573135
1242,0.6169314607512445
1243,0.5817127011266789
1244,0.6596241506222906
1245,0.669016458583455
1246,0.25434729669129086
1247,0.4987743803807672
1248,0.5461104245623356
1249,0.6308227917894751
1250,0.5834715498156906
1251,0.3598500990338508
1252,0.5394870415104016
1253,0.6310575289368046
1254,0.7040348546515729
1255,0.4421673207351192
1256,0.44200640622876375
1257,0.4660638177035091
1258,0.5603486665181825
1259,0.6171435417055531
1260,0.43110021159097167
1261,0.6888642035465573
1262,0.3802720700109804
1263,0.5317465068675755
1264,0.4473419857440709
1265,0.7746273269410204
1266,0.4716506936826307
1267,0.49285116073077073
1268,0.5427951514307184
1269,0.5604389738701763
1270,0.6009661388911229
1271,0.4534968416698579
1272,0.44794926796223156
1273,0.3587056538919149
1274,0.3464131329149615
1275,0.6438748459560268
1276,0.8593952270177069
1277,0.6413253845784337
1278,0.5221233009228998
1279,0.3951339128908934
1280,0.443684964417364
1281,0.661057502449172
1282,0.702851839114237
1283,0.6816071316808402
1284,0.7083400508022275
1285,0.7453045854033601
1286,0.7423612248554371
1287,0.8381123069056375
1288,0.6567113762676471
1289,0.824541215896779
1290,0.5249598432095484
1291,0.5337493510944298
1292,0.5815764275780921
1293,0.4951086591653787
1294,0.6234640368387352
1295,0.6137999559504101
1296,0.5588241914207899
1297,0.6303688021990712
1298,0.5717720272468438
1299,0.5464405596698124
1300,0.6688702081975232
1301,0.5548231312699926
1302,0.551215417974651
1303,0.4898219967460077
1304,0.6554293219772225
1305,0.49642169199519665
1306,0.4794000439239495
1307,0.38449880123576247
1308,0.6126891064566817
1309,0.5596235392080564
1310,0.4613222551864057
1311,0.5488278498872857
1312,0.4566254373650669
1313,0.558449398656506
1314,0.3616213495190081
1315,0.5533267973324902
1316,0.5620170800019146
1317,0.5881814093087457
1318,0.8341970793984672
1319,0.5524459898315626
1320,0.5923972727973237
1321,0.450447495664814
1322,0.44061861791624346
1323,0.43146011616087254
1324,0.5744701368387646
1325,0.539959772280193
1326,0.39270506699154983
1327,0.569093077500165
1328,0.40783037165864533
1329,0.4054230610024045
1330,0.5129177083443341
1331,0.44911662542931574
1332,0.8664093192169315
1333,0.46052403441347534
1334,0.43692995901549087
1335,0.7479642035672673
1336,0.3752070755510098
1337,0.5003810310954642
1338,0.44733101667632147
1339,0.8201071519782827
1340,0.7158521829302299
1341,0.397778346984377
1342,0.5499115791202638
1343,0.7159035513714256
1344,0.40221721943581173
1345,0.7321108686217744
1346,0.5273941415456969
1347,0.7890295794478273
1348,0.7161727010554754
1349,0.5582632759924826
1350,0.4486377591403714
1351,0.5682445920924157
1352,0.6037103218028337
1353,0.6421429998470982
1354,0.6794318126668242
1355,0.3761165759339404
1356,0.5623498889285652
1357,0.6637338619021087
1358,0.5528861631015254
1359,0.3161535028971707
1360,0.47917302562760966
1361,0.5570727797046846
1362,0.8214910641693394
1363,0.455106673783863
1364,0.5913734772280643
1365,0.6196020761640941
1366,0.4926009865416593
1367,0.5939155270851357
1368,0.8838649781853133
1369,0.45408185016232033
1370,0.4810046142859392
1371,0.5418095065259875
1372,0.6407351435490951
1373,0.44792165621223845
1374,0.714439162349864
1375,0.4576157453530405
1376,0.750229428326499
1377,0.43166503914215937
1378,0.4938180102077402
1379,0.45462384740229494
1380,0.4741837570597965
1381,0.45577459935842973
1382,0.4379963895392107
1383,0.5646441325152176
1384,0.4251427607029883
1385,0.523948197340221
1386,0.38353481965874775
1387,0.4579905928979931
1388,0.5535083280699813
1389,0.4167091496721458
1390,0.6768079266334377
1391,0.5617009654228086
1392,0.5213160804105346
1393,0.6560905273417852
1394,0.54321117626617
1395,0.5557740279268705
1396,0.30612609268989865
1397,0.5639372478523168
1398,0.45927045983320774
1399,0.5387151452697261
1400,0.48711775762006204
1401,0.5409963192714358
1402,0.46892042905198217
1403,0.4363490899266707
1404,0.48694192099818323
1405,0.6978619576922978
1406,0.35227380631750427
1407,0.6293414411950775
1408,0.7427654658589381
1409,0.40651998468971534
1410,0.5947018719039232
1411,0.6958477866209098
1412,0.5839624964027064
1413,0.3482309275058115
1414,0.4338043699803501
1415,0.47511773875256785
1416,0.6850728175887926
1417,0.5439362049269616
1418,0.7147724908245651
1419,0.32560579847192034
1420,0.4187301177031453
1421,0.4794369504640309
1422,0.5041278805509699
1423,0.5945170829705777
1424,0.45970242352874724
1425,0.49623283491778103
1426,0.47669506856249816
1427,0.5287578557380936
1428,0.43256057488550037
1429,0.7533501538172684
1430,0.5791265401839182
1431,0.44267878984814857
1432,0.5793295087324544
1433,0.601042879927971
1434,0.698961168637283
1435,0.60399474263825
1436,0.4971562273228929
1437,0.6119283529315032
1438,0.5214987872293539
1439,0.3646234487089276
1440,0.6010874124682428
1441,0.43949910758253363
1442,0.7408270886959241
1443,0.45191121975866133
1444,0.43130755581912056
1445,0.578541375735601
1446,0.443509952184859
1447,0.5690211408954169
1448,0.4753238173517627
1449,0.5661881687506309
1450,0.5120214878122714
1451,0.6421749078578498
1452,0.38014608680517303
1453,0.4265750364819826
1454,0.5465253803496903
1455,0.4486586807936014
1456,0.572975573594867
1457,0.6473238541446256
1458,0.4952270709210538
1459,0.5980946585937441
1460,0.37167695500235454
1461,0.6623481176219252
1462,0.5698236605318729
1463,0.3918526076241279
1464,0.5412677915795912
1465,0.5898746590417452
1466,0.5423032106258225
1467,0.5596235727753811
1468,0.4298492127828706
1469,0.6121734637541485
1470,0.43716242114476955
1471,0.5972252832097192
1472,0.6341539743331758
1473,0.5969458060117493
1474,0.6079300526120309
1475,0.47271872891955724
1476,0.41779185292064835
1477,0.6540928048916571
1478,0.5213309210317778
1479,0.5889428884950154
1480,0.673881278597754
1481,0.6371358656694721
1482,0.3590663741760615
1483,0.504982556395035
1484,0.47031897173201587
1485,0.4489501657275937
1486,0.5980234733981612
1487,0.5183636597833967
1488,0.6632891394481807
1489,0.43637530172887606
1490,0.6504535872410192
1491,0.6462205611042267
1492,0.49484374390261343
1493,0.4562001559909721
1494,0.38127697851321685
1495,0.5516771542078591
1496,0.42167972203678544
1497,0.562379613213117
1498,0.45848071798242496
1499,0.5720220951524084
1500,0.37618430798194535
1501,0.569602812751997
1502,0.7885076642069395
1503,0.43517099359942657
1504,0.5171145583555544
1505,0.5113865438058323
1506,0.6020631599005752
1507,0.5587467288348772
1508,0.5485382710435254
1509,0.4489574364280684
1510,0.7833862271430446
1511,0.4548230657746215
1512,0.6922240017051846
1513,0.756229954923884
1514,0.4988228372665987
1515,0.5525087085074545
1516,0.7942016509532455
1517,0.5127552463918182
1518,0.4479890952307157
1519,0.37328714699361043
1520,0.4662786683242577
1521,0.5441382851261647
1522,0.4745020133709218
1523,0.5534432165331875
1524,0.4105060805813501
1525,0.42286469916034
1526,0.6261981676942059
1527,0.5902552009102198
1528,0.6221891241875146
1529,0.638524399962306
1530,0.6399244529941216
1531,0.5971206231395877
1532,0.41546712753023773
1533,0.4973804248085986
1534,0.5360549528815841
1535,0.6706762662825709
1536,0.4692161213974806
1537,0.5458712902337393
1538,0.8416167024657161
1539,0.4029082172887092
1540,0.5067622124838761
1541,0.43085700321357734
1542,0.43220398825734485
1543,0.354999964116799
1544,0.8627810890523564
1545,0.5082887032031005
1546,0.5696251686034766
1547,0.6018627609679601
1548,0.5540489134872242
1549,0.4427543792141641
1550,0.34346437031145405
1551,0.44772775725468905
1552,0.4909777142988088
1553,0.374562386304661
1554,0.4757229583792115
1555,0.4234401528792506
1556,0.7026616041990957
1557,0.5144744145065625
1558,0.611321984816506
1559,0.4881643093953548
1560,0.523616852012083
1561,0.5075697415226009
1562,0.6671104812002391
1563,0.707162456043719
1564,0.7139623709825893
1565,0.6334639853606008
1566,0.6593827322685977
1567,0.658224486715524
1568,0.8561625994678719
1569,0.5744472586165668
1570,0.4204826720002798
1571,0.5112768480263996
1572,0.5018620619213575
1573,0.42640730448498854
1574,0.4528231427443429
1575,0.5929876384473021
1576,0.723166869224326
1577,0.4496054101884748
1578,0.5773578099995889
1579,0.4482960851785349
1580,0.45828856331912526
1581,0.558724508632277
1582,0.514174229526231
1583,0.5509600159408801
1584,0.4148928831773409
1585,0.5131424538809864
1586,0.8501926169566804
1587,0.44457144970211915
1588,0.4125367084776903
1589,0.6257228919159499
1590,0.6653021903477748
1591,0.4712562518767458
1592,0.6369570377235392
1593,0.4298277969542242
1594,0.5370695025966847
1595,0.3727239462330326
1596,0.4883258921007416
1597,0.411347514418696
1598,0.5471433310355724
1599,0.654050461447097
1600,0.6244081172237884
1601,0.40967576796765137
1602,0.43728595994488006
1603,0.6457184943229667
1604,0.4576794578478518
1605,0.6044740882024353
1606,0.3993902558388526
1607,0.3719298780878478
1608,0.8557038306202893
1609,0.5197724063288922
1610,0.7546381651382258
1611,0.5987613971124799
1612,0.5151649793923234
1613,0.4775549378815356
1614,0.6052948695976959
1615,0.6441880098431185
1616,0.508675194428746
1617,0.6265776909101524
1618,0.5990519851274692
1619,0.5432947182737418
1620,0.36416589606600697
1621,0.6554931504733149
1622,0.7538932720909777
1623,0.5614717332331376
1624,0.5661309386023801
1625,0.7554235342007296
1626,0.38761110859807446
1627,0.4427191623725484
1628,0.5194077547299536
1629,0.8110598451135187
1630,0.8721332846137078
1631,0.5828950423652421
1632,0.5816537889560747
1633,0.3905889585792049
1634,0.48862012982817793
1635,0.8237815666213483
1636,0.6964991187364133
1637,0.6802749026949577
1638,0.732941996527511
1639,0.7736073533083063
1640,0.4069726697144139
1641,0.42723169018698076
1642,0.3182800437091938
1643,0.4925540786489282
1644,0.42768580028673236
1645,0.5155452624336663
1646,0.7201042857982627
1647,0.7415868052423445
1648,0.8534448777408375
1649,0.4791369355616052
1650,0.477618939329684
1651,0.3610124471901007
1652,0.6870910244439199
1653,0.42655807869289336
1654,0.6434401852734769
1655,0.8003827638789753
1656,0.5614633489616986
1657,0.39802381174744994
1658,0.6329023754680614
1659,0.6564500439973546
1660,0.46783711058464417
1661,0.577148796111266
1662,0.42308747783949435
1663,0.646744989868
1664,0.5109361630207294
1665,0.4191801575821028
1666,0.595857153144754
1667,0.5608897806150075
1668,0.6844246584532913
1669,0.5094630227847212
1670,0.7520343639770172
1671,0.5451255124347223
1672,0.41039108252899104
1673,0.5704906993145855
1674,0.4607275334561076
1675,0.706337926669086
1676,0.455133480640179
1677,0.8228648017336626
1678,0.40665461865237307
1679,0.5034599872348456
1680,0.7350696291633902
1681,0.8578738355611641
1682,0.4004214874814652
1683,0.8442280770887708
1684,0.838026524876267
1685,0.5115892016543504
1686,0.5667163897095961
1687,0.7268642355883943
1688,0.5746256075568481
1689,0.4614247779942375
1690,0.5535703445896436
1691,0.45680451621407187
1692,0.41290873781527143
1693,0.39237052685550855
1694,0.4709461340352083
1695,0.3814841070108385
1696,0.3677344577621989
1697,0.46424051210819306
1698,0.536602454068774
1699,0.3956928141045693
1700,0.3817375635437653
1701,0.4522263436124887
1702,0.3778755145214554
1703,0.530497168576433
1704,0.5117452015094963
1705,0.5032966768649547
1706,0.7318730571668022
1707,0.5151568130756643
1708,0.5419235804480604
1709,0.5819186760000348
1710,0.4090623263543235
1711,0.4923523369536341
1712,0.5499423461198658
1713,0.44983236622402106
1714,0.5550453402114909
1715,0.5555386464414416
1716,0.5100516293777422
1717,0.612808532318728
1718,0.6664644456038615
1719,0.41458133736658137
1720,0.5281103005523635
1721,0.5062546878750505
1722,0.4445585911473736
1723,0.5457143782607193
1724,0.677210499585384
1725,0.5184385271489482
1726,0.45729858797612694
1727,0.3524833890454672
1728,0.41081552161836754
1729,0.4798576571584068
1730,0.5567931575140892
1731,0.5843165947591812
1732,0.4201538396255301
1733,0.5553934274287133
1734,0.4553646171923055
1735,0.5073817277875927
1736,0.7203670325358
1737,0.6135388632117591
1738,0.45723817305982073
1739,0.7858366401493453
1740,0.4650544002871788
1741,0.6312208717873959
1742,0.6464530481745878
1743,0.5444501553584955
1744,0.7422966751615676
1745,0.7769346674012239
1746,0.3551327314268249
1747,0.5301742630162845
1748,0.5642432979543303
1749,0.5542141970435812
1750,0.38328882775338163
1751,0.4613591635548533
1752,0.32337185954104325
1753,0.4292961473334869
1754,0.35432375016822626
1755,0.2764612209160991
1756,0.49252757910459866
1757,0.8234191281623324
1758,0.6267360994046294
1759,0.6833124580832253
1760,0.6066277495760731
1761,0.4086375376500412
1762,0.5224959146688466
1763,0.516369384751267
1764,0.7023385119361637
1765,0.5096823824806885
1766,0.4289275938041514
1767,0.4667743751267338
1768,0.4851981215449157
1769,0.46647576043017247
1770,0.35658262321503675
1771,0.7031106044547819
1772,0.4723836730460469
1773,0.7131125155055491
1774,0.2892661236928042
1775,0.47204511876644717
1776,0.45761030279972414
1777,0.5570383312952523
1778,0.42022469459661665
1779,0.4106130399355913
1780,0.42922372526353464
1781,0.6717448563276329
1782,0.8016343263439508
1783,0.4654404781526843
1784,0.48734023069823296
1785,0.5101630556929082
1786,0.4808571992043724
1787,0.438681752845684
1788,0.46402697938160103
1789,0.684888528835293
1790,0.8180692415126043
1791,0.4254573176817116
1792,0.41655886709638323
1793,0.45621077142354816
1794,0.41140953244809586
1795,0.4284920057378135
1796,0.5429454053584817
1797,0.49444732853335316
1798,0.5714504671270414
1799,0.5035787975944437
1800,0.6621889179243563
1801,0.5429755620418854
1802,0.4292095175774967
1803,0.5722932917475572
1804,0.721650978161777
1805,0.5983165263560232
1806,0.48766606528500334
1807,0.44790448524708426
1808,0.4050163899218695
1809,0.40311205148068036
1810,0.5420503329626647
1811,0.45529173499281966
1812,0.4572472437442472
1813,0.5590718545989292
1814,0.7533637542235275
1815,0.5453731919356447
1816,0.580408305507802
1817,0.34885708187320885
1818,0.6012436310647994
1819,0.8912869260809695
1820,0.5786007490409893
1821,0.5245952468274417
1822,0.5999633183325912
1823,0.42062887288573836
1824,0.5120798749188439
1825,0.46859486262522637
1826,0.45635043937225694
1827,0.7328864186006818
1828,0.4737905318678342
1829,0.635690949323649
1830,0.41124134362019804
1831,0.5280953610951931
1832,0.39562139318281897
1833,0.5874047769777846
1834,0.49866560686799905
1835,0.4513239737046777
1836,0.43247906418058846
1837,0.370988864144077
1838,0.4981910909319984
1839,0.5863113159878287
1840,0.3430406509148143
1841,0.3702527734534542
1842,0.5905917531001128
1843,0.7098531736853052
1844,0.4342532696299378
1845,0.6151953292825436
1846,0.6859289867840828
1847,0.5565536604939951
1848,0.37177693191740485
1849,0.3538065671819167
1850,0.44656686770597165
1851,0.37241739119256245
1852,0.4820004267218062
1853,0.5123063558556908
1854,0.48223407524671846
1855,0.6668082815049228
1856,0.8410163378453909
1857,0.46219408253275784
1858,0.4789334235785506
1859,0.599445124472078
1860,0.5221558337145965
1861,0.47644152797678097
1862,0.4032192670888705
1863,0.5103703215793473
1864,0.4603466189438273
1865,0.5420791395394344
1866,0.5793925466641817
1867,0.5566402634836963
1868,0.35320268049679193
1869,0.5419226377533162
1870,0.7753200670247326
1871,0.5635461897542122
1872,0.5846340661173202
1873,0.630636040111871
1874,0.7658649534413661
1875,0.4856007892322752
1876,0.7072362362349796
1877,0.46890111600692025
1878,0.6020710151649551
1879,0.4747959111577499
1880,0.4664892234356235
1881,0.3689746722117771
1882,0.6311536611477319
1883,0.39301457059688705
1884,0.4375734064620468
1885,0.5325342015978125
1886,0.5235806185395425
1887,0.447527199613737
1888,0.5384858571804105
1889,0.6086904324840197
1890,0.4306219454092929
1891,0.4268008645396879
1892,0.6121198199254574
1893,0.39405089217018674
1894,0.547937785382053
1895,0.3304519152882773
1896,0.5234840070632643
1897,0.39944857082878005
1898,0.620015402900614
1899,0.4152576242152872
1900,0.5421298998454693
1901,0.8459934190348944
1902,0.44574842234624723
1903,0.8118373626982249
1904,0.3356216313237492
1905,0.36259303545980387
1906,0.4303280477673116
1907,0.7036150152672926
1908,0.5335742963391902
1909,0.43089421941981565
1910,0.5360983959075034
1911,0.5359757408373769
1912,0.4268415012733887
1913,0.49358952317039895
1914,0.5888989303946771
1915,0.5391766554725352
1916,0.48428582808503895
1917,0.4165142395949559
1918,0.3502754468018162
1919,0.43571334972728676
1920,0.5808909994250027
1921,0.47411123203500694
1922,0.44333145955483894
1923,0.7061655496563531
1924,0.4485314142018687
1925,0.6526063179910151
1926,0.42785512367393075
1927,0.7427601168907839
1928,0.42067183422582777
1929,0.5724237974289965
1930,0.7685422358202764
1931,0.46923553534149465
1932,0.5339111563962189
1933,0.502678553584966
1934,0.37225789414715194
1935,0.713294481934202
1936,0.3926788297014653
1937,0.5997180279500915
1938,0.6477791005177551
1939,0.5206664959394609
1940,0.7367189237679388
1941,0.5496598468068272
1942,0.4690366696914138
1943,0.5490505581552808
1944,0.6485960198280107
1945,0.4581693888799597
1946,0.5171240157723589
1947,0.608481361800308
1948,0.571771803342362
1949,0.34686515536637286
1950,0.44046839979683106
1951,0.5558968605212925
1952,0.5099057799565483
1953,0.3810151050881719
1954,0.6066673091381284
1955,0.5177512181821115
1956,0.5448457859401987
1957,0.6880544110130282
1958,0.45062585285921086
1959,0.49370181161362947
1960,0.4316295087045802
1961,0.5238706385721352
1962,0.5505348473189544
1963,0.744156152580113
1964,0.5713604660410112
1965,0.5523630022899085
1966,0.4111076652780342
1967,0.433167203720357
1968,0.43661181254373055
1969,0.5994141648054718
1970,0.6103711029037862
1971,0.5424377170396291
1972,0.6181303296356582
1973,0.37562144928473296
1974,0.7651867936162526
1975,0.44681098202311376
1976,0.5877084403509719
1977,0.5896431883196696
1978,0.5431076849057745
1979,0.6447803248910888
1980,0.45053261372560227
1981,0.5653008290687191
1982,0.5807924278406265
1983,0.44898654838170193
1984,0.5412599736081735
1985,0.4061231612547733
1986,0.6163469647290674
1987,0.5686903029556278
1988,0.6880014060670581
1989,0.6653689983542466
1990,0.4873180539338913
1991,0.6213261171672125
1992,0.7920180398526357
1993,0.426072797266289
1994,0.5716864434746247
1995,0.42313007950286385
1996,0.8627193968129885
1997,0.6024295977204228
1998,0.7096792087656433
1999,0.6763138459779767
2000,0.5200968563691385
2001,0.4851595809877355
2002,0.588047309885424
2003,0.34002955111046895
2004,0.5459906943290005
2005,0.5652876291930674
2006,0.5285298027370053
2007,0.3106256300754211
2008,0.5507769086471371
2009,0.4047826402062106
2010,0.4049408602936314
2011,0.5014081986235149
2012,0.4562740010035693
2013,0.687227616551096
2014,0.38728569678076424
2015,0.8456016904192531
2016,0.6790311997537464
2017,0.6256784172033054
2018,0.4517583753529205
2019,0.46494037631803753
2020,0.35786936742478603
2021,0.39169269116041094
2022,0.3168388622803965
2023,0.6433777849644743
2024,0.29753127665249174
2025,0.41702062627038744
2026,0.49234013864912685
2027,0.4013231022584535
2028,0.46014491845727845
2029,0.5759814661597454
2030,0.4909732149081705
2031,0.45966493071691783
2032,0.5505874220099078
2033,0.4481653577690395
2034,0.5493350634245304
2035,0.5101927858645944
2036,0.32282255777309177
2037,0.47923694097364167
2038,0.7706045475170684
2039,0.6157864184583697
2040,0.5028140349973433
2041,0.46005158429345583
2042,0.5668976032349925
2043,0.3509075269307545
2044,0.2980424595991185
2045,0.522714205114239
2046,0.49158019395303465
2047,0.4415943718039094
2048,0.5947033422167516
2049,0.5453576923478337
2050,0.5176706726663622
2051,0.3874783032221373
2052,0.46088610091206184
2053,0.5604381105411986
2054,0.4428877287361964
2055,0.5831246864773802
2056,0.43160942227037985
2057,0.5005931187076698
2058,0.719960759926742
2059,0.40260219979967116
2060,0.5143175007974989
2061,0.3687301592351134
2062,0.6476231318337784
2063,0.6371514691608842
2064,0.704796974387156
2065,0.42410315321773967
2066,0.5091631175987799
2067,0.5203805708322415
2068,0.8289725675891852
2069,0.6123393573791661
2070,0.3355050685324513
2071,0.5353918488061532
2072,0.5383204906441883
2073,0.37074183474282596
2074,0.5056567880940871
2075,0.5138685001610089
2076,0.6867611043006658
2077,0.8280507384312609
2078,0.39825796353652265
2079,0.43294153220964526
2080,0.6642548735780189
2081,0.6627355258733603
2082,0.5725298254144547
2083,0.5041457342754533
2084,0.33776701059909087
2085,0.809164190686143
2086,0.8420117390343097
2087,0.7161300697867683
2088,0.7044295622399521
2089,0.44561367963612697
2090,0.4905190469622245
2091,0.40957164754374764
2092,0.8599328030815678
2093,0.519393708074738
2094,0.5099128632338148
2095,0.5625443718542691
2096,0.42374625977033303
2097,0.5077871241880421
2098,0.4182528245217836
2099,0.48166587505773567
2100,0.5767868322435415
2101,0.4553192485867774
2102,0.6035711421016345
2103,0.4657977715035699
2104,0.46403712279769127
2105,0.7025647799876984
2106,0.5780602439492086
2107,0.6145302651745641
2108,0.47464655580487225
2109,0.4314576588575585
2110,0.5510252399520039
2111,0.4449425326624481
2112,0.359518273922415
2113,0.4534540985529075
2114,0.6039138621981697
2115,0.47332196591758485
2116,0.4596498817036707
2117,0.5683907042012504
2118,0.4298889896754807
2119,0.716804623458712
2120,0.4551098756497514
2121,0.550501822526149
2122,0.4412328593615872
2123,0.443793915732865
2124,0.5165296885063202
2125,0.5299062822606585
2126,0.35323544895613657
2127,0.4656725527999004
2128,0.5761981394767494
2129,0.4802093843592392
2130,0.32200890002239885
2131,0.8250447739985733
2132,0.6124267663692732
2133,0.6472362131640323
2134,0.6312761355646497
2135,0.5072211404526943
2136,0.505211445543727
2137,0.6428676850816492
2138,0.5328461708860563
2139,0.5469364221253316
2140,0.5907762661833083
2141,0.4243344684317045
2142,0.6645617976784977
2143,0.6658546010272367
2144,0.6173679192382631
2145,0.6687078455780424
2146,0.7429819147600043
2147,0.6488160669245542
2148,0.5252084694588759
2149,0.5233286942141919
2150,0.4400059287758507
2151,0.8040632386299672
2152,0.5963161289370167
2153,0.6725283017891728
2154,0.3996360466717612
2155,0.5475749637449401
2156,0.6793126956988057
2157,0.5644537763147903
2158,0.6059310955920154
2159,0.624177407379042
2160,0.72619980240804
2161,0.43316659671267843
2162,0.4869533699628704
2163,0.44887746092936903
2164,0.38807222042796385
2165,0.5452062678315449
2166,0.4571042243686621
2167,0.46222398165211775
2168,0.5303058519480328
2169,0.4208383016116045
2170,0.5059829327430544
2171,0.8582314989537372
2172,0.49643793265590136
2173,0.5188560051830998
2174,0.4708944586955742
2175,0.4982845924312201
2176,0.581653637462236
2177,0.5745019549782399
2178,0.5370611894151694
2179,0.4456096204299588
2180,0.3715234317822418
2181,0.6917238274189687
2182,0.5441754819680933
2183,0.4569879203548929
2184,0.2931094131550255
2185,0.46934359969159856
2186,0.574031693264885
2187,0.5062896653871782
2188,0.5315956706732492
2189,0.5471748008879156
2190,0.46926558460244244
2191,0.44261254681756246
2192,0.7421446562501529
2193,0.6926297794575508
2194,0.4593394892396452
2195,0.4312990026144412
2196,0.524932138743474
2197,0.6070246914824641
2198,0.8146714956682471
2199,0.44981355276961343
2200,0.4349781688579133
2201,0.5396800292404749
2202,0.5001022860716358
2203,0.43506698004371763
2204,0.5212434191349486
2205,0.49314091622539025
2206,0.7265518424947963
2207,0.5568212882298245
2208,0.37544262694459346
2209,0.5937240279696433
2210,0.5472667882101014
2211,0.7081824947988904
2212,0.5809434988726695
2213,0.6039894437597608
2214,0.50226753273962
2215,0.6189434455702565
2216,0.7822582411234885
2217,0.4558700367769306
2218,0.4930479593702773
2219,0.4785392177258737
2220,0.41526457584935467
2221,0.6040067164125306
2222,0.5664787459465886
2223,0.5063210426848214
2224,0.44350866458413074
2225,0.5098957740172937
2226,0.6464246378840386
2227,0.70627982370253
2228,0.7568966677853313
2229,0.476107185078378
2230,0.8694334058707494
2231,0.5922842478900949
2232,0.5097176689648191
2233,0.5162818973332084
2234,0.6327543686721961
2235,0.8094815266236559
2236,0.5498288004780215
2237,0.5249057960428862
2238,0.5939775397175402
2239,0.3178794766157722
2240,0.6315700459718876
2241,0.49318712472822646
2242,0.5574722462370153
2243,0.5968222828338621
2244,0.4922487687241496
2245,0.5183717611428059
2246,0.8255052726771104
2247,0.5323851763685168
2248,0.7245387897203925
2249,0.6962250101014325
2250,0.41797768679182756
2251,0.41454763983386556
2252,0.8300673119857345
2253,0.40942876050932486
2254,0.3447104462116336
2255,0.8180075015638416
2256,0.4502265397525961
2257,0.5236797271835036
2258,0.49483228646479815
2259,0.5486747582219165
2260,0.8073011366812651
2261,0.43531906537063064
2262,0.3567132354050308
2263,0.5393786189551393
2264,0.5849365037422174
2265,0.5092407155547416
2266,0.4927132091105613
2267,0.4389517962885486
2268,0.4618332081829559
2269,0.3881799257749196
2270,0.642602286690513
2271,0.4634579760384693
2272,0.5473402009329431
2273,0.4186247789398998
2274,0.5140321265542431
2275,0.7266977511888402
2276,0.7888005509352429
2277,0.6302349554052145
2278,0.3761934707993423
2279,0.31719406190306565
2280,0.515512848572675
2281,0.4072942493820271
2282,0.4606070305470046
2283,0.4580507507875723
2284,0.6875039097583322
2285,0.7045232919917072
2286,0.5429348387990965
2287,0.4513829876510868
2288,0.49418151850020264
2289,0.5424121335363357
2290,0.5373685155465988
2291,0.5278658412930086
2292,0.39868931040889455
2293,0.4353488293717836
2294,0.8105425545723072
2295,0.5248141841972347
2296,0.6792369812207133
2297,0.6019731089663369
2298,0.4841265640897511
2299,0.4053089162044839
2300,0.5482647239040759
2301,0.5532695143715911
2302,0.5999913740611014
2303,0.6096109244741095
2304,0.5368033681017543
2305,0.4601724729268509
2306,0.5993966124207258
2307,0.7980392875872406
2308,0.5652275825173093
2309,0.8176787084039561
2310,0.4296103852875489
2311,0.4773070362129949
2312,0.4510580926924078
2313,0.6550869125352357
2314,0.5928432482399306
2315,0.41650923832149667
2316,0.5391542452544129
2317,0.3935579036693042
2318,0.3603349808002948
2319,0.48137798336616044
2320,0.539366815866438
2321,0.4913513502779039
2322,0.7595579986327571
2323,0.8102046574745165
2324,0.8171385577587128
2325,0.49267335015499386
2326,0.3669485394849523
2327,0.7357213624801523
2328,0.484885634671142
2329,0.5509156699441111
2330,0.32470710486826065
2331,0.5789469378800816
2332,0.4678283658894822
2333,0.5406933670255342
2334,0.6930473098030235
2335,0.5258832284892394
2336,0.5459448009593486
2337,0.5908308219740095
2338,0.6836814086889136
2339,0.5568209055759944
2340,0.47992186826861616
2341,0.4380588902813326
2342,0.5191535432052945
2343,0.6393483859439958
2344,0.7379687052002025
2345,0.4316620141842332
2346,0.6229900948431856
2347,0.5817175710555491
2348,0.668620257578123
2349,0.4049224860353024
2350,0.5934093867932828
2351,0.3340913003537407
2352,0.6929367790941694
2353,0.3756208779871724
2354,0.4999615629981267
2355,0.578910416596683
2356,0.6362724420952774
2357,0.4425366809300114
2358,0.40768616389387
2359,0.5356779942700642
2360,0.6812790433281882
2361,0.601417130848045
2362,0.4399605717804602
2363,0.659577354912727
